model,k,x,p_yes,p_no,sum,is_correct
meta-llama/Llama-3.2-3B-Instruct,1,1,0.963286934743014,0.029088741771588305,0.9923756765146022,True
meta-llama/Llama-3.2-3B-Instruct,1,2,0.4644620679195651,0.5263044737712744,0.9907665416908396,True
meta-llama/Llama-3.2-3B-Instruct,1,3,0.8122344586974244,0.18123401024842384,0.9934684689458482,True
meta-llama/Llama-3.2-3B-Instruct,1,4,0.9271923764279149,0.06716559197371633,0.9943579684016312,True
meta-llama/Llama-3.2-3B-Instruct,1,5,0.7933439606181111,0.20058877530383673,0.9939327359219479,True
meta-llama/Llama-3.2-3B-Instruct,1,6,0.9413657378769368,0.053108217230957974,0.9944739551078947,True
meta-llama/Llama-3.2-3B-Instruct,1,7,0.8468805923503239,0.14716577139260087,0.9940463637429248,True
meta-llama/Llama-3.2-3B-Instruct,1,8,0.9536485143711073,0.04190039272471343,0.9955489070958208,True
meta-llama/Llama-3.2-3B-Instruct,1,9,0.9483329406738429,0.04721472029470821,0.9955476609685511,True
meta-llama/Llama-3.2-3B-Instruct,1,10,0.9703170208498131,0.02585807023119975,0.9961750910810129,True
meta-llama/Llama-3.2-3B-Instruct,2,1,0.007534719592092011,0.986853611082195,0.9943883306742871,False
meta-llama/Llama-3.2-3B-Instruct,2,2,0.9849352691582264,0.00965596753590498,0.9945912366941314,True
meta-llama/Llama-3.2-3B-Instruct,2,3,0.00037928160870816105,0.9977708788797295,0.9981501604884376,False
meta-llama/Llama-3.2-3B-Instruct,2,4,0.9962184918652142,0.0009084338626136803,0.9971269257278278,True
meta-llama/Llama-3.2-3B-Instruct,2,5,0.00020313469566830733,0.9983602276976182,0.9985633623932866,False
meta-llama/Llama-3.2-3B-Instruct,2,6,0.9949881756277076,0.002176527780666207,0.9971647034083738,True
meta-llama/Llama-3.2-3B-Instruct,2,7,0.0003348604358285324,0.9982047182771387,0.9985395787129673,False
meta-llama/Llama-3.2-3B-Instruct,2,8,0.997123907766735,0.0005514937255292892,0.9976754014922643,True
meta-llama/Llama-3.2-3B-Instruct,2,9,0.0004869206141343131,0.9975934861530616,0.998080406767196,False
meta-llama/Llama-3.2-3B-Instruct,2,10,0.9952880298170333,0.001921357960106168,0.9972093877771395,True
meta-llama/Llama-3.2-3B-Instruct,3,1,0.037067564985866684,0.9559851365013664,0.9930527014872331,False
meta-llama/Llama-3.2-3B-Instruct,3,2,0.0031628240652473495,0.9937299332067683,0.9968927572720157,False
meta-llama/Llama-3.2-3B-Instruct,3,3,0.9761770945171003,0.015778433007980906,0.9919555275250812,True
meta-llama/Llama-3.2-3B-Instruct,3,4,0.0019207295669281714,0.9949623306301829,0.996883060197111,False
meta-llama/Llama-3.2-3B-Instruct,3,5,0.0008023819048915209,0.9970785150558961,0.9978808969607876,False
meta-llama/Llama-3.2-3B-Instruct,3,6,0.9956030718409785,0.001921966396536024,0.9975250382375146,True
meta-llama/Llama-3.2-3B-Instruct,3,7,0.0040599537760473885,0.9934378404555236,0.997497794231571,False
meta-llama/Llama-3.2-3B-Instruct,3,8,0.009662991683775945,0.9856520939758483,0.9953150856596242,False
meta-llama/Llama-3.2-3B-Instruct,3,9,0.9953882971695998,0.0019215512827288378,0.9973098484523286,True
meta-llama/Llama-3.2-3B-Instruct,3,10,0.10605969374839448,0.8880268507490555,0.99408654449745,False
meta-llama/Llama-3.2-3B-Instruct,4,1,0.0027927786937326456,0.9942978992472831,0.9970906779410157,False
meta-llama/Llama-3.2-3B-Instruct,4,2,0.6458158557800989,0.34568032782714636,0.9914961836072453,False
meta-llama/Llama-3.2-3B-Instruct,4,3,0.000551753340672646,0.9975933674629284,0.9981451208036011,False
meta-llama/Llama-3.2-3B-Instruct,4,4,0.9905691382226135,0.0035725498015417084,0.9941416880241553,True
meta-llama/Llama-3.2-3B-Instruct,4,5,0.00017928146884888164,0.99844780466864,0.998627086137489,False
meta-llama/Llama-3.2-3B-Instruct,4,6,0.03294700524920788,0.9628527387518613,0.9957997440010692,False
meta-llama/Llama-3.2-3B-Instruct,4,7,0.00023021096396472885,0.9984866667274404,0.998716877691405,False
meta-llama/Llama-3.2-3B-Instruct,4,8,0.9969796842291911,0.0007080293184189749,0.9976877135476101,True
meta-llama/Llama-3.2-3B-Instruct,4,9,0.0006252184444576624,0.9975934861530616,0.9982187045975193,False
meta-llama/Llama-3.2-3B-Instruct,4,10,0.5594685024168469,0.43571450778602655,0.9951830102028734,False
meta-llama/Llama-3.2-3B-Instruct,5,1,0.08452079139655451,0.908684183423314,0.9932049748198686,False
meta-llama/Llama-3.2-3B-Instruct,5,2,0.0011670151870399178,0.9966997704325826,0.9978667856196225,False
meta-llama/Llama-3.2-3B-Instruct,5,3,0.0021781598914288034,0.9957344867474378,0.9979126466388666,False
meta-llama/Llama-3.2-3B-Instruct,5,4,0.0035850208750672547,0.9940267915434735,0.9976118124185408,False
meta-llama/Llama-3.2-3B-Instruct,5,5,0.9886348238847548,0.004578287479648765,0.9932131113644035,True
meta-llama/Llama-3.2-3B-Instruct,5,6,0.0011664260275050598,0.996196368469541,0.997362794497046,False
meta-llama/Llama-3.2-3B-Instruct,5,7,0.0003793651731831768,0.997990957092264,0.9983703222654472,False
meta-llama/Llama-3.2-3B-Instruct,5,8,0.0010297065831088945,0.9965247707149587,0.9975544772980676,False
meta-llama/Llama-3.2-3B-Instruct,5,9,0.0019224439341136454,0.9958505671312808,0.9977730110653945,False
meta-llama/Llama-3.2-3B-Instruct,5,10,0.997141568178332,0.0006249352875798761,0.9977665034659119,True
meta-llama/Llama-3.2-3B-Instruct,6,1,0.010933117579788999,0.9841678715381319,0.9951009891179209,False
meta-llama/Llama-3.2-3B-Instruct,6,2,0.03293868766559614,0.9626095521348446,0.9955482398004407,False
meta-llama/Llama-3.2-3B-Instruct,6,3,0.29236697349179064,0.70135190948139,0.9937188829731807,False
meta-llama/Llama-3.2-3B-Instruct,6,4,0.0045945059906313205,0.9921369269913303,0.9967314329819615,False
meta-llama/Llama-3.2-3B-Instruct,6,5,0.00037931434497800033,0.9978570467537222,0.9982363610987002,False
meta-llama/Llama-3.2-3B-Instruct,6,6,0.9894802798902337,0.004582203447406874,0.9940624833376406,True
meta-llama/Llama-3.2-3B-Instruct,6,7,0.00033483456965601973,0.9981277537290955,0.9984625882987515,False
meta-llama/Llama-3.2-3B-Instruct,6,8,0.009669656677162783,0.9863318050141778,0.9960014616913406,False
meta-llama/Llama-3.2-3B-Instruct,6,9,0.1472678223693043,0.8474677668111729,0.9947355891804772,False
meta-llama/Llama-3.2-3B-Instruct,6,10,0.1471251988083436,0.8466470753863936,0.9937722741947372,False
meta-llama/Llama-3.2-3B-Instruct,7,1,0.05953763016381602,0.9313251833371172,0.9908628135009332,False
meta-llama/Llama-3.2-3B-Instruct,7,2,0.001696775728169468,0.9959826389678454,0.997679414696015,False
meta-llama/Llama-3.2-3B-Instruct,7,3,0.0035852584994341794,0.9940929938904932,0.9976782523899274,False
meta-llama/Llama-3.2-3B-Instruct,7,4,0.001030054271467008,0.9968612080943982,0.9978912623658651,False
meta-llama/Llama-3.2-3B-Instruct,7,5,0.0008028047953788967,0.9976039262946406,0.9984067310900194,False
meta-llama/Llama-3.2-3B-Instruct,7,6,0.000909225184656772,0.9970865739585755,0.9979957991432322,False
meta-llama/Llama-3.2-3B-Instruct,7,7,0.9842813870734625,0.008515703141948506,0.992797090215411,True
meta-llama/Llama-3.2-3B-Instruct,7,8,0.0009090561149601533,0.9969011314583375,0.9978101875732976,False
meta-llama/Llama-3.2-3B-Instruct,7,9,0.0019232416222130346,0.996263688153506,0.998186929775719,False
meta-llama/Llama-3.2-3B-Instruct,7,10,0.00149734720225583,0.9959477551081604,0.9974451023104162,False
meta-llama/Llama-3.2-3B-Instruct,8,1,0.008530834196312401,0.9860303679191472,0.9945612021154596,False
meta-llama/Llama-3.2-3B-Instruct,8,2,0.08434298201991856,0.9067725321170906,0.9911155141370092,False
meta-llama/Llama-3.2-3B-Instruct,8,3,0.0007082596090798429,0.9973039790426629,0.9980122386517427,False
meta-llama/Llama-3.2-3B-Instruct,8,4,0.4950009035266725,0.4950009035266725,0.990001807053345,False
meta-llama/Llama-3.2-3B-Instruct,8,5,0.0002953870674823784,0.9977782369133055,0.9980736239807878,False
meta-llama/Llama-3.2-3B-Instruct,8,6,0.0021755181875010325,0.9945268237446077,0.9967023419321087,False
meta-llama/Llama-3.2-3B-Instruct,8,7,0.0002301683759254814,0.998302366345969,0.9985325347218945,False
meta-llama/Llama-3.2-3B-Instruct,8,8,0.9856639063564993,0.006641349755892242,0.9923052561123915,True
meta-llama/Llama-3.2-3B-Instruct,8,9,0.0003347308057203321,0.9978182337103757,0.998152964516096,False
meta-llama/Llama-3.2-3B-Instruct,8,10,0.004054103721873392,0.9920063421140972,0.9960604458359706,False
meta-llama/Llama-3.2-3B-Instruct,9,1,0.0139716865111871,0.9794908002587764,0.9934624867699635,False
meta-llama/Llama-3.2-3B-Instruct,9,2,0.0009087323692365867,0.9965460800297196,0.9974548123989562,False
meta-llama/Llama-3.2-3B-Instruct,9,3,0.69974889511896,0.2916987376870944,0.9914476328060544,False
meta-llama/Llama-3.2-3B-Instruct,9,4,0.0010296069144535755,0.9964282987554414,0.9974579056698949,False
meta-llama/Llama-3.2-3B-Instruct,9,5,0.0005515836695267375,0.9972865500432327,0.9978381337127595,False
meta-llama/Llama-3.2-3B-Instruct,9,6,0.032938538455227,0.962605134192951,0.995543672648178,False
meta-llama/Llama-3.2-3B-Instruct,9,7,0.00037937295176559987,0.9980110229902215,0.9983903959419871,False
meta-llama/Llama-3.2-3B-Instruct,9,8,0.0007079901561982551,0.9969245893795425,0.9976325795357408,False
meta-llama/Llama-3.2-3B-Instruct,9,9,0.9785276120614301,0.013957949110740785,0.9924855611721709,True
meta-llama/Llama-3.2-3B-Instruct,9,10,0.005192574246965862,0.9895296527626318,0.9947222270095977,False
meta-llama/Llama-3.2-3B-Instruct,10,1,0.010917369076646446,0.9827503957309794,0.9936677648076259,False
meta-llama/Llama-3.2-3B-Instruct,10,2,0.0014969038796191641,0.9956529393910115,0.9971498432706307,False
meta-llama/Llama-3.2-3B-Instruct,10,3,0.0007080468746004136,0.99700433089495,0.9977123777695505,False
meta-llama/Llama-3.2-3B-Instruct,10,4,0.003163142301336632,0.9938296511491972,0.9969927934505338,False
meta-llama/Llama-3.2-3B-Instruct,10,5,0.13205829644996672,0.8611283671436599,0.9931866635936266,False
meta-llama/Llama-3.2-3B-Instruct,10,6,0.0024646126707217973,0.9942956596895911,0.996760272360313,False
meta-llama/Llama-3.2-3B-Instruct,10,7,0.00033470750316690295,0.9977488051045669,0.9980835126077338,False
meta-llama/Llama-3.2-3B-Instruct,10,8,0.0011666496394357254,0.9963874663686809,0.9975541160081166,False
meta-llama/Llama-3.2-3B-Instruct,10,9,0.001029992386139006,0.9968013882452963,0.9978313806314353,False
meta-llama/Llama-3.2-3B-Instruct,10,10,0.9909760145879449,0.003154058788668869,0.9941300733766139,True
Qwen/Qwen3-4B-instruct-2507,1,1,1.0,1.162823303022097e-10,1.0000000001162823,True
Qwen/Qwen3-4B-instruct-2507,1,2,1.0,3.775134544279098e-11,1.0000000000377514,True
Qwen/Qwen3-4B-instruct-2507,1,3,1.0,3.331544542166412e-11,1.0000000000333154,True
Qwen/Qwen3-4B-instruct-2507,1,4,1.0,1.3887943864964021e-11,1.000000000013888,True
Qwen/Qwen3-4B-instruct-2507,1,5,1.0,1.3887943864964021e-11,1.000000000013888,True
Qwen/Qwen3-4B-instruct-2507,1,6,1.0,5.789356328730652e-12,1.0000000000057894,True
Qwen/Qwen3-4B-instruct-2507,1,7,1.0,1.0815941557285693e-11,1.000000000010816,True
Qwen/Qwen3-4B-instruct-2507,1,8,1.0,5.789356328730652e-12,1.0000000000057894,True
Qwen/Qwen3-4B-instruct-2507,1,9,1.0,6.560200168153779e-12,1.0000000000065603,True
Qwen/Qwen3-4B-instruct-2507,1,10,1.0,9.545034922840628e-12,1.000000000009545,True
Qwen/Qwen3-4B-instruct-2507,2,1,7.991959892953932e-11,1.0,1.0000000000799196,False
Qwen/Qwen3-4B-instruct-2507,2,2,1.0,4.277787868968998e-11,1.0000000000427778,True
Qwen/Qwen3-4B-instruct-2507,2,3,7.991959892953932e-11,1.0,1.0000000000799196,False
Qwen/Qwen3-4B-instruct-2507,2,4,1.0,5.789356328730652e-12,1.0000000000057894,True
Qwen/Qwen3-4B-instruct-2507,2,5,4.8473687062702556e-11,1.0,1.0000000000484737,False
Qwen/Qwen3-4B-instruct-2507,2,6,1.0,4.508755242294825e-12,1.0000000000045088,True
Qwen/Qwen3-4B-instruct-2507,2,7,3.775134544279098e-11,1.0,1.0000000000377514,False
Qwen/Qwen3-4B-instruct-2507,2,8,1.0,5.109089028063325e-12,1.000000000005109,True
Qwen/Qwen3-4B-instruct-2507,2,9,2.5946094982764667e-11,1.0,1.0000000000259461,False
Qwen/Qwen3-4B-instruct-2507,2,10,1.0,5.789356328730652e-12,1.0000000000057894,True
Qwen/Qwen3-4B-instruct-2507,3,1,1.3176514270095466e-10,1.0,1.000000000131765,False
Qwen/Qwen3-4B-instruct-2507,3,2,1.493094676197164e-10,1.0,1.0000000001493095,False
Qwen/Qwen3-4B-instruct-2507,3,3,1.0,7.991959892953932e-11,1.0000000000799196,True
Qwen/Qwen3-4B-instruct-2507,3,4,1.6918979226151304e-10,1.0,1.0000000001691898,False
Qwen/Qwen3-4B-instruct-2507,3,5,1.162823303022097e-10,1.0,1.0000000001162823,False
Qwen/Qwen3-4B-instruct-2507,3,6,1.0,1.0815941557285693e-11,1.000000000010816,True
Qwen/Qwen3-4B-instruct-2507,3,7,1.026187963170189e-10,1.0,1.0000000001026188,False
Qwen/Qwen3-4B-instruct-2507,3,8,1.026187963170189e-10,1.0,1.0000000001026188,False
Qwen/Qwen3-4B-instruct-2507,3,9,1.0,5.789356328730652e-12,1.0000000000057894,True
Qwen/Qwen3-4B-instruct-2507,3,10,1.6918979226151304e-10,1.0,1.0000000001691898,False
Qwen/Qwen3-4B-instruct-2507,4,1,6.224144622907783e-11,1.0,1.0000000000622415,False
Qwen/Qwen3-4B-instruct-2507,4,2,2.9400777392844726e-11,1.0,1.0000000000294007,False
Qwen/Qwen3-4B-instruct-2507,4,3,1.026187963170189e-10,1.0,1.0000000001026188,False
Qwen/Qwen3-4B-instruct-2507,4,4,1.0,6.224144622907783e-11,1.0000000000622415,True
Qwen/Qwen3-4B-instruct-2507,4,5,1.3176514270095466e-10,1.0,1.000000000131765,False
Qwen/Qwen3-4B-instruct-2507,4,6,2.172439935079017e-10,1.0,1.000000000217244,False
Qwen/Qwen3-4B-instruct-2507,4,7,7.05287985111216e-11,1.0,1.0000000000705287,False
Qwen/Qwen3-4B-instruct-2507,4,8,1.0,1.57371021068629e-11,1.0000000000157372,True
Qwen/Qwen3-4B-instruct-2507,4,9,7.05287985111216e-11,1.0,1.0000000000705287,False
Qwen/Qwen3-4B-instruct-2507,4,10,6.691586091292782e-10,1.0,1.0000000006691585,False
Qwen/Qwen3-4B-instruct-2507,5,1,1.493094676197164e-10,1.0,1.0000000001493095,False
Qwen/Qwen3-4B-instruct-2507,5,2,1.493094676197164e-10,1.0,1.0000000001493095,False
Qwen/Qwen3-4B-instruct-2507,5,3,1.493094676197164e-10,1.0,1.0000000001493095,False
Qwen/Qwen3-4B-instruct-2507,5,4,1.917171513758312e-10,1.0,1.000000000191717,False
Qwen/Qwen3-4B-instruct-2507,5,5,1.0,3.775134544279098e-11,1.0000000000377514,True
Qwen/Qwen3-4B-instruct-2507,5,6,3.1608814543136926e-10,1.0,1.000000000316088,False
Qwen/Qwen3-4B-instruct-2507,5,7,1.917171513758312e-10,1.0,1.000000000191717,False
Qwen/Qwen3-4B-instruct-2507,5,8,1.6918979226151304e-10,1.0,1.0000000001691898,False
Qwen/Qwen3-4B-instruct-2507,5,9,2.172439935079017e-10,1.0,1.000000000217244,False
Qwen/Qwen3-4B-instruct-2507,5,10,1.0,8.423463754468647e-12,1.0000000000084235,True
Qwen/Qwen3-4B-instruct-2507,6,1,1.3176514270095466e-10,1.0,1.000000000131765,False
Qwen/Qwen3-4B-instruct-2507,6,2,7.05287985111216e-11,1.0,1.0000000000705287,False
Qwen/Qwen3-4B-instruct-2507,6,3,4.8473687062702556e-11,1.0,1.0000000000484737,False
Qwen/Qwen3-4B-instruct-2507,6,4,1.3176514270095466e-10,1.0,1.000000000131765,False
Qwen/Qwen3-4B-instruct-2507,6,5,1.6918979226151304e-10,1.0,1.0000000001691898,False
Qwen/Qwen3-4B-instruct-2507,6,6,1.0,4.277787868968998e-11,1.0000000000427778,True
Qwen/Qwen3-4B-instruct-2507,6,7,3.1608814543136926e-10,1.0,1.000000000316088,False
Qwen/Qwen3-4B-instruct-2507,6,8,4.5990553786523166e-10,1.0,1.0000000004599054,False
Qwen/Qwen3-4B-instruct-2507,6,9,2.172439935079017e-10,1.0,1.000000000217244,False
Qwen/Qwen3-4B-instruct-2507,6,10,5.211412487888539e-10,1.0,1.0000000005211414,False
Qwen/Qwen3-4B-instruct-2507,7,1,4.5990553786523166e-10,1.0,1.0000000004599054,False
Qwen/Qwen3-4B-instruct-2507,7,2,2.172439935079017e-10,1.0,1.000000000217244,False
Qwen/Qwen3-4B-instruct-2507,7,3,2.4616969518153846e-10,1.0,1.0000000002461698,False
Qwen/Qwen3-4B-instruct-2507,7,4,2.7894680928689246e-10,1.0,1.0000000002789469,False
Qwen/Qwen3-4B-instruct-2507,7,5,2.172439935079017e-10,1.0,1.000000000217244,False
Qwen/Qwen3-4B-instruct-2507,7,6,2.7894680928689246e-10,1.0,1.0000000002789469,False
Qwen/Qwen3-4B-instruct-2507,7,7,1.0,2.172439935079017e-10,1.000000000217244,True
Qwen/Qwen3-4B-instruct-2507,7,8,7.582560427911907e-10,1.0,1.0000000007582561,False
Qwen/Qwen3-4B-instruct-2507,7,9,3.1608814543136926e-10,1.0,1.000000000316088,False
Qwen/Qwen3-4B-instruct-2507,7,10,1.2501528663867426e-09,1.0,1.0000000012501529,False
Qwen/Qwen3-4B-instruct-2507,8,1,1.493094676197164e-10,1.0,1.0000000001493095,False
Qwen/Qwen3-4B-instruct-2507,8,2,6.224144622907783e-11,1.0,1.0000000000622415,False
Qwen/Qwen3-4B-instruct-2507,8,3,1.026187963170189e-10,1.0,1.0000000001026188,False
Qwen/Qwen3-4B-instruct-2507,8,4,7.05287985111216e-11,1.0,1.0000000000705287,False
Qwen/Qwen3-4B-instruct-2507,8,5,1.026187963170189e-10,1.0,1.0000000001026188,False
Qwen/Qwen3-4B-instruct-2507,8,6,1.3176514270095466e-10,1.0,1.000000000131765,False
Qwen/Qwen3-4B-instruct-2507,8,7,1.026187963170189e-10,1.0,1.0000000001026188,False
Qwen/Qwen3-4B-instruct-2507,8,8,1.0,7.05287985111216e-11,1.0000000000705287,True
Qwen/Qwen3-4B-instruct-2507,8,9,3.1608814543136926e-10,1.0,1.000000000316088,False
Qwen/Qwen3-4B-instruct-2507,8,10,2.061153622438558e-09,1.0,1.0000000020611537,False
Qwen/Qwen3-4B-instruct-2507,9,1,3.581747930283181e-10,1.0,1.0000000003581748,False
Qwen/Qwen3-4B-instruct-2507,9,2,2.172439935079017e-10,1.0,1.000000000217244,False
Qwen/Qwen3-4B-instruct-2507,9,3,7.991959892953932e-11,1.0,1.0000000000799196,False
Qwen/Qwen3-4B-instruct-2507,9,4,2.4616969518153846e-10,1.0,1.0000000002461698,False
Qwen/Qwen3-4B-instruct-2507,9,5,1.917171513758312e-10,1.0,1.000000000191717,False
Qwen/Qwen3-4B-instruct-2507,9,6,3.1608814543136926e-10,1.0,1.000000000316088,False
Qwen/Qwen3-4B-instruct-2507,9,7,2.172439935079017e-10,1.0,1.000000000217244,False
Qwen/Qwen3-4B-instruct-2507,9,8,1.917171513758312e-10,1.0,1.000000000191717,False
Qwen/Qwen3-4B-instruct-2507,9,9,1.0,1.493094676197164e-10,1.0000000001493095,True
Qwen/Qwen3-4B-instruct-2507,9,10,1.4166087866431961e-09,1.0,1.0000000014166088,False
Qwen/Qwen3-4B-instruct-2507,10,1,1.6918979226151304e-10,1.0,1.0000000001691898,False
Qwen/Qwen3-4B-instruct-2507,10,2,9.056076989672867e-11,1.0,1.0000000000905607,False
Qwen/Qwen3-4B-instruct-2507,10,3,2.172439935079017e-10,1.0,1.000000000217244,False
Qwen/Qwen3-4B-instruct-2507,10,4,1.6918979226151304e-10,1.0,1.0000000001691898,False
Qwen/Qwen3-4B-instruct-2507,10,5,7.05287985111216e-11,1.0,1.0000000000705287,False
Qwen/Qwen3-4B-instruct-2507,10,6,2.172439935079017e-10,1.0,1.000000000217244,False
Qwen/Qwen3-4B-instruct-2507,10,7,1.6918979226151304e-10,1.0,1.0000000001691898,False
Qwen/Qwen3-4B-instruct-2507,10,8,1.917171513758312e-10,1.0,1.000000000191717,False
Qwen/Qwen3-4B-instruct-2507,10,9,1.6918979226151304e-10,1.0,1.0000000001691898,False
Qwen/Qwen3-4B-instruct-2507,10,10,1.0,3.331544542166412e-11,1.0000000000333154,True
google/gemma-4-e2b-it,1,1,1.0,4.705308323479026e-14,1.000000000000047,True
google/gemma-4-e2b-it,1,2,1.0,3.2339079641330587e-14,1.0000000000000324,True
google/gemma-4-e2b-it,1,3,1.0,2.493722053335376e-15,1.0000000000000024,True
google/gemma-4-e2b-it,1,4,1.0,5.227125387689122e-16,1.0000000000000004,True
google/gemma-4-e2b-it,1,5,1.0,7.21582401942292e-15,1.000000000000007,True
google/gemma-4-e2b-it,1,6,1.0,1.5125188821494485e-15,1.0000000000000016,True
google/gemma-4-e2b-it,1,7,1.0,4.658886145103398e-15,1.0000000000000047,True
google/gemma-4-e2b-it,1,8,1.0,8.618072811299709e-16,1.0000000000000009,True
google/gemma-4-e2b-it,1,9,1.0,4.910429870159115e-16,1.0000000000000004,True
google/gemma-4-e2b-it,1,10,1.0,3.628344178047045e-15,1.0000000000000036,True
google/gemma-4-e2b-it,2,1,7.004352026168645e-18,1.0,1.0,False
google/gemma-4-e2b-it,2,2,1.0,3.8623522725779546e-15,1.0000000000000038,True
google/gemma-4-e2b-it,2,3,1.4068617124461467e-16,1.0,1.0000000000000002,False
google/gemma-4-e2b-it,2,4,1.0,1.2171738729024408e-18,1.0,True
google/gemma-4-e2b-it,2,5,7.21582401942292e-15,1.0,1.000000000000007,False
google/gemma-4-e2b-it,2,6,1.0,9.479359653504757e-19,1.0,True
google/gemma-4-e2b-it,2,7,5.124493412989058e-18,1.0,1.0,False
google/gemma-4-e2b-it,2,8,1.0,3.4872615319944465e-19,1.0,True
google/gemma-4-e2b-it,2,9,1.9421126879000225e-15,1.0,1.000000000000002,False
google/gemma-4-e2b-it,2,10,1.0,6.515062259657524e-19,1.0,True
google/gemma-4-e2b-it,3,1,2.1362066739678315e-18,1.0,1.0,False
google/gemma-4-e2b-it,3,2,6.579979789926862e-18,1.0,1.0,False
google/gemma-4-e2b-it,3,3,1.0,5.564246011263937e-16,1.0000000000000007,True
google/gemma-4-e2b-it,3,4,4.0307262913476244e-17,1.0,1.0,False
google/gemma-4-e2b-it,3,5,3.786516930717674e-17,1.0,1.0,False
google/gemma-4-e2b-it,3,6,1.0,1.7709775351706372e-18,1.0,True
google/gemma-4-e2b-it,3,7,6.181318967705965e-18,1.0,1.0,False
google/gemma-4-e2b-it,3,8,1.420879995643228e-15,1.0,1.0000000000000013,False
google/gemma-4-e2b-it,3,9,1.0,1.2171738729024408e-18,1.0,True
google/gemma-4-e2b-it,3,10,2.770274965784119e-17,1.0,1.0,False
google/gemma-4-e2b-it,4,1,1.885195773057152e-18,1.0,1.0,False
google/gemma-4-e2b-it,4,2,7.074144948561961e-17,1.0,1.0,False
google/gemma-4-e2b-it,4,3,4.248354255291589e-18,1.0,1.0,False
google/gemma-4-e2b-it,4,4,1.0,1.6100679690567228e-15,1.0000000000000016,True
google/gemma-4-e2b-it,4,5,1.5784550952858365e-17,1.0,1.0,False
google/gemma-4-e2b-it,4,6,1.1176086870894152e-14,1.0,1.000000000000011,False
google/gemma-4-e2b-it,4,7,3.990959482880135e-18,1.0,1.0,False
google/gemma-4-e2b-it,4,8,1.0,1.5628821893349888e-18,1.0,True
google/gemma-4-e2b-it,4,9,7.93697066318849e-18,1.0,1.0,False
google/gemma-4-e2b-it,4,10,7.681204685202095e-15,1.0,1.0000000000000078,False
google/gemma-4-e2b-it,5,1,3.990959482880135e-18,1.0,1.0,False
google/gemma-4-e2b-it,5,2,4.814016052463533e-18,1.0,1.0,False
google/gemma-4-e2b-it,5,3,2.7429436646726792e-18,1.0,1.0,False
google/gemma-4-e2b-it,5,4,2.7429436646726792e-18,1.0,1.0,False
google/gemma-4-e2b-it,5,5,1.0,1.334793228597603e-15,1.0000000000000013,True
google/gemma-4-e2b-it,5,6,7.93697066318849e-18,1.0,1.0,False
google/gemma-4-e2b-it,5,7,1.6636794304885083e-18,1.0,1.0,False
google/gemma-4-e2b-it,5,8,2.7429436646726792e-18,1.0,1.0,False
google/gemma-4-e2b-it,5,9,1.0741521727433002e-18,1.0,1.0,False
google/gemma-4-e2b-it,5,10,1.0,2.576757109154981e-18,1.0,True
google/gemma-4-e2b-it,6,1,2.919848332167914e-18,1.0,1.0,False
google/gemma-4-e2b-it,6,2,6.579979789926862e-18,1.0,1.0,False
google/gemma-4-e2b-it,6,3,8.993766029028821e-18,1.0,1.0,False
google/gemma-4-e2b-it,6,4,8.993766029028821e-18,1.0,1.0,False
google/gemma-4-e2b-it,6,5,2.602432490442756e-17,1.0,1.0,False
google/gemma-4-e2b-it,6,6,1.0,1.9614643309355633e-14,1.0000000000000195,True
google/gemma-4-e2b-it,6,7,2.444759076612131e-17,1.0,1.0,False
google/gemma-4-e2b-it,6,8,1.9421126879000225e-15,1.0,1.000000000000002,False
google/gemma-4-e2b-it,6,9,1.0956650033262367e-16,1.0,1.0,False
google/gemma-4-e2b-it,6,10,1.2415511035985842e-16,1.0,1.0000000000000002,False
google/gemma-4-e2b-it,7,1,1.2293020642516584e-17,1.0,1.0,False
google/gemma-4-e2b-it,7,2,2.602432490442756e-17,1.0,1.0,False
google/gemma-4-e2b-it,7,3,2.770274965784119e-17,1.0,1.0,False
google/gemma-4-e2b-it,7,4,1.9039802832864523e-17,1.0,1.0,False
google/gemma-4-e2b-it,7,5,7.530388099325974e-17,1.0,1.0,False
google/gemma-4-e2b-it,7,6,1.3085852357321768e-17,1.0,1.0,False
google/gemma-4-e2b-it,7,7,1.0,1.34809340538292e-14,1.0000000000000135,True
google/gemma-4-e2b-it,7,8,5.619689396832023e-15,1.0,1.0000000000000056,False
google/gemma-4-e2b-it,7,9,1.5941831731372974e-16,1.0,1.0000000000000002,False
google/gemma-4-e2b-it,7,10,2.0469717131642043e-16,1.0,1.0000000000000002,False
google/gemma-4-e2b-it,8,1,8.448861291557757e-18,1.0,1.0,False
google/gemma-4-e2b-it,8,2,4.5674112617763464e-17,1.0,1.0,False
google/gemma-4-e2b-it,8,3,5.124493412989058e-18,1.0,1.0,False
google/gemma-4-e2b-it,8,4,1.9421126879000225e-15,1.0,1.000000000000002,False
google/gemma-4-e2b-it,8,5,2.0267764614472847e-17,1.0,1.0,False
google/gemma-4-e2b-it,8,6,1.5784550952858365e-17,1.0,1.0,False
google/gemma-4-e2b-it,8,7,2.444759076612131e-17,1.0,1.0,False
google/gemma-4-e2b-it,8,8,1.0,1.1896882546451464e-14,1.000000000000012,True
google/gemma-4-e2b-it,8,9,5.864672148586656e-17,1.0,1.0,False
google/gemma-4-e2b-it,8,10,4.0307262913476244e-17,1.0,1.0,False
google/gemma-4-e2b-it,9,1,3.3415894629424765e-17,1.0,1.0,False
google/gemma-4-e2b-it,9,2,1.0191272063038982e-17,1.0,1.0,False
google/gemma-4-e2b-it,9,3,3.592547237854837e-16,1.0,1.0000000000000004,False
google/gemma-4-e2b-it,9,4,1.3085852357321768e-17,1.0,1.0,False
google/gemma-4-e2b-it,9,5,7.074144948561961e-17,1.0,1.0,False
google/gemma-4-e2b-it,9,6,4.86198397975995e-17,1.0,1.0,False
google/gemma-4-e2b-it,9,7,2.0267764614472847e-17,1.0,1.0,False
google/gemma-4-e2b-it,9,8,2.444759076612131e-17,1.0,1.0,False
google/gemma-4-e2b-it,9,9,1.0,8.17659982521153e-15,1.0000000000000082,True
google/gemma-4-e2b-it,9,10,8.533047625744066e-17,1.0,1.0,False
google/gemma-4-e2b-it,10,1,3.108162370473298e-18,1.0,1.0,False
google/gemma-4-e2b-it,10,2,1.0848552640429378e-17,1.0,1.0,False
google/gemma-4-e2b-it,10,3,2.1362066739678315e-18,1.0,1.0,False
google/gemma-4-e2b-it,10,4,3.749159471376913e-18,1.0,1.0,False
google/gemma-4-e2b-it,10,5,4.814016052463533e-18,1.0,1.0,False
google/gemma-4-e2b-it,10,6,2.7429436646726792e-18,1.0,1.0,False
google/gemma-4-e2b-it,10,7,8.905034285609392e-19,1.0,1.0,False
google/gemma-4-e2b-it,10,8,2.7429436646726792e-18,1.0,1.0,False
google/gemma-4-e2b-it,10,9,1.5628821893349888e-18,1.0,1.0,False
google/gemma-4-e2b-it,10,10,1.0,2.825757287115611e-15,1.0000000000000029,True
microsoft/Phi-4-mini-instruct,1,1,0.9938785172093029,0.005215396138326225,0.9990939133476291,True
microsoft/Phi-4-mini-instruct,1,2,0.9976443836882468,0.0014998976049293259,0.9991442812931761,True
microsoft/Phi-4-mini-instruct,1,3,0.9982502137409293,0.0011688307102093473,0.9994190444511386,True
microsoft/Phi-4-mini-instruct,1,4,0.9985698677817183,0.0007091588643679186,0.9992790266460863,True
microsoft/Phi-4-mini-instruct,1,5,0.9986088581688433,0.0009106136112030708,0.9995194717800463,True
microsoft/Phi-4-mini-instruct,1,6,0.9985198267031783,0.0007091233591605136,0.9992289500623388,True
microsoft/Phi-4-mini-instruct,1,7,0.9989778724504177,0.0005525189559747584,0.9995303914063924,True
microsoft/Phi-4-mini-instruct,1,8,0.9988404859247034,0.0005524430842527552,0.9993929290089562,True
microsoft/Phi-4-mini-instruct,1,9,0.9988202677695197,0.0007093364170724595,0.9995296041865922,True
microsoft/Phi-4-mini-instruct,1,10,0.9990153481339895,0.00043031840542226104,0.9994456665394118,True
microsoft/Phi-4-mini-instruct,2,1,0.0003353068620182462,0.9995360144143852,0.9998713212764034,False
microsoft/Phi-4-mini-instruct,2,2,0.9944150596416005,0.0052182120630177,0.9996332717046181,True
microsoft/Phi-4-mini-instruct,2,3,0.00020339018488512456,0.9996154595591916,0.9998188497440768,False
microsoft/Phi-4-mini-instruct,2,4,0.9989641915600717,0.0004302964504591589,0.9993944880105308,True
microsoft/Phi-4-mini-instruct,2,5,0.00020338960298197037,0.9996133154340073,0.9998167050369893,False
microsoft/Phi-4-mini-instruct,2,6,0.9991261257429761,0.00033516938758468626,0.9994612951305608,True
microsoft/Phi-4-mini-instruct,2,7,0.000123378148794664,0.9997437656902062,0.9998671438390009,False
microsoft/Phi-4-mini-instruct,2,8,0.9992634718133789,0.0002033184293873259,0.9994667902427663,True
microsoft/Phi-4-mini-instruct,2,9,0.00015841267178675993,0.9996926537474085,0.9998510664191952,False
microsoft/Phi-4-mini-instruct,2,10,0.9992352616489484,0.0002610588109271088,0.9994963204598755,True
microsoft/Phi-4-mini-instruct,3,1,0.0003353055829265162,0.9995322032688598,0.9998675088517863,False
microsoft/Phi-4-mini-instruct,3,2,0.00020340104738293186,0.9996688270949156,0.9998722281422985,False
microsoft/Phi-4-mini-instruct,3,3,0.9814907401948963,0.01797663392116832,0.9994673741160647,True
microsoft/Phi-4-mini-instruct,3,4,0.00015841901702588822,0.9997333999282724,0.9998918189452982,False
microsoft/Phi-4-mini-instruct,3,5,0.00015841433361053777,0.9997031378243303,0.9998615521579408,False
microsoft/Phi-4-mini-instruct,3,6,0.9990226055562115,0.0005525437219172616,0.9995751492781287,True
microsoft/Phi-4-mini-instruct,3,7,0.00015841236963885514,0.9996906284253853,0.9998490407950241,False
microsoft/Phi-4-mini-instruct,3,8,0.00015841554222059876,0.9997110010050931,0.9998694165473138,False
microsoft/Phi-4-mini-instruct,3,9,0.999282041443902,0.00033522181304391813,0.9996172632569459,True
microsoft/Phi-4-mini-instruct,3,10,9.609286375915542e-05,0.9998048924628621,0.9999009853266212,False
microsoft/Phi-4-mini-instruct,4,1,0.00026116165375830415,0.9996292773780744,0.9998904390318327,False
microsoft/Phi-4-mini-instruct,4,2,0.00026115991032199217,0.9996227257921743,0.9998838857024962,False
microsoft/Phi-4-mini-instruct,4,3,0.0002033981377284211,0.9996550081765572,0.9998584063142856,False
microsoft/Phi-4-mini-instruct,4,4,0.9853563954801186,0.01405535367688453,0.999411749157003,True
microsoft/Phi-4-mini-instruct,4,5,0.00020339716785283367,0.9996504813676652,0.999853878535518,False
microsoft/Phi-4-mini-instruct,4,6,0.0001584141825349285,0.9997021846954348,0.9998605988779697,False
microsoft/Phi-4-mini-instruct,4,7,0.00015841372930896512,0.9996992062571417,0.9998576199864506,False
microsoft/Phi-4-mini-instruct,4,8,0.9993638273419405,0.00020333898378002563,0.9995671663257205,True
microsoft/Phi-4-mini-instruct,4,9,0.00015841659976196623,0.9997176729270929,0.9998760895268549,False
microsoft/Phi-4-mini-instruct,4,10,0.0001584206789162306,0.9997432891208254,0.9999017097997417,False
microsoft/Phi-4-mini-instruct,5,1,0.0004305088655544859,0.9994576535859448,0.9998881624514994,False
microsoft/Phi-4-mini-instruct,5,2,0.00020340550893402349,0.9996914623707467,0.9998948678796807,False
microsoft/Phi-4-mini-instruct,5,3,0.0002034035691171764,0.9996814550723234,0.9998848586414406,False
microsoft/Phi-4-mini-instruct,5,4,0.00026115991032199217,0.9996227257921743,0.9998838857024962,False
microsoft/Phi-4-mini-instruct,5,5,0.9886174626027968,0.010982546957099219,0.999600009559896,True
microsoft/Phi-4-mini-instruct,5,6,0.0002034016293188288,0.9996715671023959,0.9998749687317148,False
microsoft/Phi-4-mini-instruct,5,7,0.0002033998835161328,0.9996633471315791,0.9998667470150953,False
microsoft/Phi-4-mini-instruct,5,8,0.0001233833260564418,0.9997851118365989,0.9999084951626553,False
microsoft/Phi-4-mini-instruct,5,9,0.00020340007749347017,0.9996644193054423,0.9998678193829357,False
microsoft/Phi-4-mini-instruct,5,10,0.9993350162510158,0.0003352393965888979,0.9996702556476047,True
microsoft/Phi-4-mini-instruct,6,1,0.00033529662942102654,0.9995049306327584,0.9998402272621794,False
microsoft/Phi-4-mini-instruct,6,2,0.0002034006594265922,0.9996668018793521,0.9998702025387787,False
microsoft/Phi-4-mini-instruct,6,3,0.0002611531857480971,0.999596877536152,0.9998580307219,False
microsoft/Phi-4-mini-instruct,6,4,0.0001584172040744888,0.9997214854780982,0.9998799026821727,False
microsoft/Phi-4-mini-instruct,6,5,0.0001584131250096977,0.9996953938783856,0.9998538070033953,False
microsoft/Phi-4-mini-instruct,6,6,0.8508375294338565,0.1478533949285427,0.9986909243623991,True
microsoft/Phi-4-mini-instruct,6,7,0.0001584125207127355,0.9996918197719582,0.9998502322926709,False
microsoft/Phi-4-mini-instruct,6,8,9.608993128242467e-05,0.9997742685671689,0.9998703584984513,False
microsoft/Phi-4-mini-instruct,6,9,9.609084767178964e-05,0.9997836819390714,0.9998797727867432,False
microsoft/Phi-4-mini-instruct,6,10,7.48395528006012e-05,0.9998363524249342,0.9999111919777348,False
microsoft/Phi-4-mini-instruct,7,1,0.00033531325755008695,0.9995547132403925,0.9998900264979426,False
microsoft/Phi-4-mini-instruct,7,2,0.00026116464253334547,0.999640593995036,0.9999017586375694,False
microsoft/Phi-4-mini-instruct,7,3,0.00015842158540922013,0.9997491274096325,0.9999075489950418,False
microsoft/Phi-4-mini-instruct,7,4,0.00020341035855707743,0.9997150517939815,0.9999184621525385,False
microsoft/Phi-4-mini-instruct,7,5,0.00015842188757470263,0.999750795485941,0.9999092173735158,False
microsoft/Phi-4-mini-instruct,7,6,0.00020340938862321669,0.9997099287521741,0.9999133381407973,False
microsoft/Phi-4-mini-instruct,7,7,0.9855735784727447,0.014058450395059634,0.9996320288678043,True
microsoft/Phi-4-mini-instruct,7,8,0.0002034053149515063,0.9996899136239419,0.9998933189388934,False
microsoft/Phi-4-mini-instruct,7,9,0.00015842128324431394,0.9997476976072148,0.9999061188904591,False
microsoft/Phi-4-mini-instruct,7,10,0.00012338379672737607,0.9997895207110944,0.9999129045078218,False
microsoft/Phi-4-mini-instruct,8,1,0.0003353103795456629,0.999545780608395,0.9998810909879408,False
microsoft/Phi-4-mini-instruct,8,2,0.00026116538973245014,0.9996438103595843,0.9999049757493167,False
microsoft/Phi-4-mini-instruct,8,3,0.000158421132162077,0.999746744406739,0.9999051655389011,False
microsoft/Phi-4-mini-instruct,8,4,0.0004305088655544859,0.9994576535859448,0.9998881624514994,False
microsoft/Phi-4-mini-instruct,8,5,0.0001584200745904526,0.9997397146685857,0.9998981347431761,False
microsoft/Phi-4-mini-instruct,8,6,0.00012338050206854071,0.9997629489238792,0.9998863294259477,False
microsoft/Phi-4-mini-instruct,8,7,0.00015841841270644978,0.9997293489777506,0.999887767390457,False
microsoft/Phi-4-mini-instruct,8,8,0.9766075888305431,0.022967607278385385,0.9995751961089285,True
microsoft/Phi-4-mini-instruct,8,9,0.00015842052783457,0.9997428125225756,0.9999012330504101,False
microsoft/Phi-4-mini-instruct,8,10,9.609341360850548e-05,0.9998102548156492,0.9999063482292577,False
microsoft/Phi-4-mini-instruct,9,1,0.0004304916221594057,0.9994172871161049,0.9998477787382642,False
microsoft/Phi-4-mini-instruct,9,2,0.00020340240523594792,0.9996753793030045,0.9998787817082405,False
microsoft/Phi-4-mini-instruct,9,3,0.000709574238217834,0.9991546868367749,0.9998642610749927,False
microsoft/Phi-4-mini-instruct,9,4,0.00020340725478500303,0.9996992062571417,0.9999026135119267,False
microsoft/Phi-4-mini-instruct,9,5,0.00015841705299614206,0.9997204131848383,0.9998788302378344,False
microsoft/Phi-4-mini-instruct,9,6,0.0002611511933150105,0.9995892543591239,0.999850405552439,False
microsoft/Phi-4-mini-instruct,9,7,0.00015841327608429845,0.9996967043746694,0.9998551176507537,False
microsoft/Phi-4-mini-instruct,9,8,0.00015841463576218856,0.9997055205778066,0.9998639352135688,False
microsoft/Phi-4-mini-instruct,9,9,0.9700448097320775,0.029292818002664166,0.9993376277347417,True
microsoft/Phi-4-mini-instruct,9,10,0.00012338156105642912,0.9997715280017702,0.9998949095628266,False
microsoft/Phi-4-mini-instruct,10,1,0.00033530718179194106,0.9995364907976888,0.9998717979794808,False
microsoft/Phi-4-mini-instruct,10,2,0.00020340415106028808,0.9996844334286352,0.9998878375796955,False
microsoft/Phi-4-mini-instruct,10,3,0.0001584200745904526,0.9997392381011361,0.9998976581757265,False
microsoft/Phi-4-mini-instruct,10,4,0.00015841871486588083,0.9997307787248307,0.9998891974396966,False
microsoft/Phi-4-mini-instruct,10,5,0.00015841765731039359,0.9997239874807804,0.9998824051380908,False
microsoft/Phi-4-mini-instruct,10,6,0.00012338109039402323,0.9997670001414862,0.9998903812318802,False
microsoft/Phi-4-mini-instruct,10,7,0.00015841856378609326,0.9997301829845089,0.999888601548295,False
microsoft/Phi-4-mini-instruct,10,8,0.00015841765731039359,0.999724821483066,0.9998832391403764,False
microsoft/Phi-4-mini-instruct,10,9,0.0002034045390232875,0.9996862204234057,0.999889624962429,False
microsoft/Phi-4-mini-instruct,10,10,0.9816741683845019,0.017979985857101574,0.9996541542416035,True
