positive,negative,c_target,y-axis,mean_err,x-axis,uniqueness_score,homogeneity_score,approx_score,teaching_set
35,119,5,0.77,0.23,0.23,0.36000000000000004,0.6944444444444444,0.6251152073732722,"(35, 119)"
35,660,7,0.64,0.3,0.3,0.0,0.25,0.46298003072196625,"(35, 660)"
55,190,11,0.39,0.18,0.18,0.02834999999999999,0.39583333333333337,0.4676843317972349,"(55, 190)"
55,242,5,0.74,0.29,0.29,0.09449999999999999,0.4423076923076923,0.6131336405529957,"(55, 242)"
65,310,13,0.53,0.33999999999999997,0.33999999999999997,0.0008400000000000005,0.21182266009852216,0.4461405529953916,"(65, 310)"
65,741,5,0.63,0.39,0.39,0.13999999999999999,0.39285714285714285,0.6004032258064519,"(65, 741)"
70,441,5,0.72,0.33,0.33,0.27,0.6785714285714286,0.6098502304147468,"(70, 441)"
70,590,7,0.54,0.32,0.32,0.012799999999999997,0.2916666666666667,0.46123271889400924,"(70, 590)"
77,418,7,0.5,0.3,0.3,0.060000000000000005,0.3344155844155844,0.4619815668202766,"(77, 418)"
77,483,11,0.58,0.36,0.36,0.0,0.18181818181818182,0.4631912442396312,"(77, 483)"
85,405,17,0.91,0.5800000000000001,0.5800000000000001,0.002999999999999999,0.031249999999999993,0.4159562211981567,"(85, 405)"
85,493,5,0.44,0.37,0.37,0.12760000000000002,0.4351851851851852,0.6014400921658989,"(85, 493)"
91,338,7,0.55,0.31,0.31,0.0315,0.3333333333333333,0.46307603686635945,"(91, 338)"
91,952,13,0.61,0.29000000000000004,0.29000000000000004,0.0048600000000000015,0.303030303030303,0.4375576036866359,"(91, 952)"
105,623,5,0.72,0.23,0.23,0.0026999999999999993,0.32995495495495497,0.6098502304147468,"(105, 623)"
105,890,7,0.73,0.25,0.25,0.0,0.20833333333333334,0.46123271889400924,"(105, 890)"
110,185,11,0.51,0.35,0.35,0.063,0.3390151515151515,0.4676843317972349,"(110, 185)"
110,979,5,0.7,0.33,0.33,0.0013499999999999996,0.2699362041467304,0.6131336405529957,"(110, 979)"
119,574,17,1.0,0.43000000000000005,0.43000000000000005,8e-05,0.1253810975609756,0.40478110599078343,"(119, 574)"
119,663,7,0.57,0.49,0.49,0.0,0.12195121951219513,0.4612903225806452,"(119, 663)"
130,429,5,0.84,0.35,0.35,0.135,0.39285714285714285,0.6032258064516132,"(130, 429)"
130,470,13,0.53,0.39,0.39,0.06859999999999998,0.3246753246753247,0.4461405529953916,"(130, 470)"
140,448,5,0.79,0.24000000000000002,0.24000000000000002,0.003,0.2583333333333333,0.6098502304147468,"(140, 448)"
140,485,7,0.71,0.38,0.38,0.0,0.20833333333333331,0.46123271889400924,"(140, 485)"
143,110,13,0.82,0.33999999999999997,0.33999999999999997,0.07200000000000001,0.36349924585218707,0.4506528417818739,"(143, 110)"
143,169,11,0.4,0.51,0.51,0.0,0.11538461538461539,0.47056451612903216,"(143, 169)"
154,869,7,0.71,0.44,0.44,0.0,0.22195121951219512,0.4619815668202766,"(154, 869)"
154,938,11,0.44,0.35,0.35,0.0056700000000000006,0.2625762195121952,0.4631912442396312,"(154, 938)"
165,638,5,0.85,0.62,0.62,0.012959999999999998,0.2538461538461539,0.6131336405529957,"(165, 638)"
165,690,11,0.52,0.7,0.7,0.0,0.1,0.4676843317972349,"(165, 690)"
170,475,17,0.89,0.41000000000000003,0.41000000000000003,0.0046,0.19642857142857145,0.4159562211981567,"(170, 475)"
170,884,5,0.61,0.45999999999999996,0.45999999999999996,0.14400000000000002,0.3625,0.6208909370199696,"(170, 884)"
175,252,5,0.54,0.54,0.54,0.0,0.12195121951219513,0.6098502304147468,"(175, 252)"
175,510,7,0.87,0.51,0.51,0.015749999999999997,0.1719512195121951,0.4644393241167435,"(175, 510)"
182,196,13,0.77,0.5900000000000001,0.5900000000000001,0.0512,0.19256756756756754,0.4378456221198156,"(182, 196)"
182,533,7,0.79,0.51,0.51,0.05292,0.31695331695331697,0.46307603686635945,"(182, 533)"
187,408,11,0.28,0.55,0.55,0.04211999999999999,0.14166666666666664,0.47252304147465424,"(187, 408)"
187,715,17,1.0,0.48,0.48,0.20412,0.2916666666666667,0.41163594470046083,"(187, 715)"
195,286,5,0.91,0.54,0.54,0.18000000000000002,0.3819444444444445,0.6032258064516132,"(195, 286)"
195,565,13,0.63,0.6200000000000001,0.6200000000000001,0.04032,0.21130952380952384,0.4461405529953916,"(195, 565)"
210,119,5,0.72,0.41000000000000003,0.41000000000000003,0.36000000000000004,0.5760233918128655,0.6251152073732722,"(210, 119)"
210,995,7,0.66,0.5700000000000001,0.5700000000000001,0.019439999999999995,0.1871345029239766,0.46123271889400924,"(210, 995)"
220,725,11,0.31,0.43,0.43,0.026999999999999996,0.23484848484848483,0.4676843317972349,"(220, 725)"
220,869,5,0.9,0.36,0.36,0.004199999999999999,0.2943722943722944,0.6131336405529957,"(220, 869)"
221,403,17,0.98,0.42,0.42,0.0007200000000000006,0.13446969696969696,0.4116935483870967,"(221, 403)"
221,918,13,0.95,0.52,0.52,0.014400000000000001,0.1534090909090909,0.44936635944700454,"(221, 918)"
231,959,11,0.43,0.44000000000000006,0.44000000000000006,0.0005999999999999997,0.18255728011825573,0.4631912442396312,"(231, 959)"
231,990,7,0.87,0.55,0.55,0.0,0.13636363636363635,0.4644777265745008,"(231, 990)"
238,442,7,0.77,0.55,0.55,0.1008,0.24431818181818182,0.4612903225806452,"(238, 442)"
238,812,17,1.0,0.39,0.39,0.05081999999999998,0.20629370629370627,0.40478110599078343,"(238, 812)"
245,343,5,0.8,0.41000000000000003,0.41000000000000003,0.06480000000000001,0.34695121951219515,0.6098502304147468,"(245, 343)"
245,500,7,0.88,0.21,0.21,0.0,0.24695121951219512,0.46123271889400924,"(245, 500)"
255,605,17,1.0,0.62,0.62,0.0256,0.156794425087108,0.4086789554531489,"(255, 605)"
255,901,5,0.88,0.53,0.53,0.04374999999999998,0.2761324041811847,0.6014400921658989,"(255, 901)"
260,105,13,0.19,0.32999999999999996,0.32999999999999996,0.0,0.2943485086342229,0.4584485407066051,"(260, 105)"
260,936,5,0.8,0.6799999999999999,0.6799999999999999,0.0,0.1020408163265306,0.6004032258064519,"(260, 936)"
273,371,13,0.78,0.24,0.24,0.0,0.24488491048593347,0.4378456221198156,"(273, 371)"
273,741,7,0.8,0.4,0.4,0.0,0.1323529411764706,0.46307603686635945,"(273, 741)"
275,365,11,0.58,0.56,0.56,0.007290000000000003,0.20555555555555555,0.4676843317972349,"(275, 365)"
275,946,5,0.67,0.51,0.51,0.010440000000000001,0.25179211469534046,0.6131336405529957,"(275, 946)"
280,730,7,0.74,0.35000000000000003,0.35000000000000003,0.011520000000000002,0.25,0.46123271889400924,"(280, 730)"
280,749,5,0.69,0.22000000000000003,0.22000000000000003,0.0,0.2910714285714286,0.6098502304147468,"(280, 749)"
286,121,13,0.82,0.36,0.36,0.0,0.19166666666666668,0.45103686635944695,"(286, 121)"
286,663,11,0.37,0.52,0.52,0.0,0.078125,0.46816436251920107,"(286, 663)"
308,21,11,0.41,0.2,0.2,0.0011999999999999997,0.15,0.4631912442396312,"(308, 21)"
308,748,7,0.83,0.46,0.46,0.10287000000000002,0.28750000000000003,0.4649385560675884,"(308, 748)"
315,364,5,0.81,0.44,0.44,0.21,0.4292929292929292,0.6264976958525348,"(315, 364)"
315,940,7,0.58,0.54,0.54,0.0,0.1111111111111111,0.46123271889400924,"(315, 940)"
325,935,13,0.71,0.45,0.45,0.0,0.11111111111111113,0.4336405529953916,"(325, 935)"
325,936,5,0.52,0.5900000000000001,0.5900000000000001,0.0027999999999999987,0.1388888888888889,0.6004032258064519,"(325, 936)"
330,484,5,0.79,0.59,0.59,0.2268,0.4,0.6131336405529957,"(330, 484)"
330,610,11,0.48,0.47,0.47,0.0072000000000000015,0.18695652173913044,0.4676843317972349,"(330, 610)"
340,629,5,0.69,0.30000000000000004,0.30000000000000004,0.0,0.24624624624624622,0.6014400921658989,"(340, 629)"
340,845,17,0.87,0.43000000000000005,0.43000000000000005,0.00144,0.15596846846846846,0.41735791090629804,"(340, 845)"
350,270,7,0.65,0.27,0.27,0.0,0.22727272727272727,0.46123271889400924,"(350, 270)"
350,532,5,0.47,0.24,0.24,0.0,0.3456937799043062,0.6098502304147468,"(350, 532)"
357,425,7,0.66,0.27,0.27,0.02187,0.2257085020242915,0.4637480798771122,"(357, 425)"
357,672,17,1.0,0.5,0.5,0.10971999999999998,0.6538461538461539,0.40478110599078343,"(357, 672)"
364,798,13,0.8,0.38,0.38,0.0,0.12820512820512822,0.4378456221198156,"(364, 798)"
364,871,7,0.46,0.35,0.35,0.0006000000000000003,0.23346828609986509,0.46307603686635945,"(364, 871)"
374,459,11,0.42,0.5700000000000001,0.5700000000000001,0.019999999999999997,0.10714285714285712,0.47252304147465424,"(374, 459)"
374,660,17,0.99,0.54,0.54,0.0168,0.17857142857142858,0.4131720430107527,"(374, 660)"
385,220,7,0.95,0.37,0.37,0.020000000000000004,0.23128342245989303,0.4599846390168971,"(385, 220)"
385,525,11,0.66,0.53,0.53,0.0,0.056818181818181816,0.4648233486943163,"(385, 525)"
385,539,5,0.79,0.51,0.51,0.04479999999999999,0.2988215488215488,0.596082949308756,"(385, 539)"
390,416,5,0.65,0.56,0.56,0.08749999999999998,0.2943485086342229,0.6004032258064519,"(390, 416)"
390,815,13,0.47,0.6599999999999999,0.6599999999999999,0.01134,0.16086434573829528,0.4461405529953916,"(390, 815)"
420,155,7,0.62,0.63,0.63,0.12000000000000002,0.40416666666666673,0.46123271889400924,"(420, 155)"
420,686,5,0.7,0.66,0.66,0.04499999999999999,0.3541666666666667,0.6098502304147468,"(420, 686)"
425,405,17,0.95,0.55,0.55,0.0,0.12903225806451615,0.4159562211981567,"(425, 405)"
425,493,5,0.5,0.33999999999999997,0.33999999999999997,0.0296,0.34647550776583036,0.6014400921658989,"(425, 493)"
429,65,11,0.5,0.35,0.35,0.022500000000000003,0.25,0.47461597542242684,"(429, 65)"
429,374,13,0.78,0.44,0.44,0.0352,0.3257575757575757,0.4463517665130568,"(429, 374)"
440,280,11,0.59,0.29,0.29,0.005000000000000003,0.23558758314855877,0.4786866359447004,"(440, 280)"
440,627,5,0.7,0.54,0.54,0.15749999999999997,0.3866571018651363,0.6131336405529957,"(440, 627)"
442,85,13,0.9,0.54,0.54,0.00011999999999999992,0.07352941176470587,0.44953917050691233,"(442, 85)"
442,767,17,1.0,0.51,0.51,0.0011199999999999995,0.17611190817790529,0.4116935483870967,"(442, 767)"
455,325,7,0.94,0.43000000000000005,0.43000000000000005,0.1512,0.36627906976744184,0.4599846390168971,"(455, 325)"
455,637,5,0.85,0.42000000000000004,0.42000000000000004,0.0,0.18634466308884914,0.596082949308756,"(455, 637)"
455,700,13,0.82,0.25,0.25,0.0,0.2769933554817276,0.44477726574500764,"(455, 700)"
462,528,7,0.84,0.6499999999999999,0.6499999999999999,0.0,0.10638297872340427,0.4619815668202766,"(462, 528)"
462,714,11,0.25,0.48,0.48,0.013500000000000003,0.21112929623567922,0.46324884792626714,"(462, 714)"
476,35,17,0.99,0.23,0.23,0.04410000000000001,0.3188405797101449,0.4042242703533026,"(476, 35)"
476,816,7,0.82,0.58,0.58,0.008100000000000001,0.06521739130434784,0.4608870967741936,"(476, 816)"
490,485,7,0.68,0.5700000000000001,0.5700000000000001,0.0,0.11627906976744186,0.46123271889400924,"(490, 485)"
490,777,5,0.76,0.5,0.5,0.18144000000000002,0.3829457364341085,0.6098502304147468,"(490, 777)"
495,20,11,0.21,0.31,0.31,0.0,0.21683673469387754,0.4676843317972349,"(495, 20)"
495,583,5,0.79,0.53,0.53,0.004320000000000001,0.21968787515006005,0.6131336405529957,"(495, 583)"
510,75,17,0.74,0.35,0.35,0.0,0.20535714285714285,0.4159562211981567,"(510, 75)"
510,323,5,0.76,0.52,0.52,0.11274999999999999,0.3522727272727273,0.6014400921658989,"(510, 323)"
520,858,5,0.68,0.56,0.56,0.036199999999999996,0.24285714285714283,0.6032258064516132,"(520, 858)"
520,930,13,0.46,0.59,0.59,0.0,0.08571428571428572,0.4461405529953916,"(520, 930)"
525,826,5,0.6,0.6,0.6,0.06720000000000001,0.2925170068027211,0.6098502304147468,"(525, 826)"
525,940,7,0.94,0.58,0.58,0.0,0.1020408163265306,0.46123271889400924,"(525, 940)"
539,420,11,0.5,0.55,0.55,0.0072000000000000015,0.08695652173913043,0.4697004608294929,"(539, 420)"
539,605,7,0.95,0.5800000000000001,0.5800000000000001,0.0648,0.22981366459627325,0.4644777265745008,"(539, 605)"
546,217,13,0.6,0.35,0.35,0.0,0.20855614973262032,0.4378456221198156,"(546, 217)"
546,390,7,0.93,0.47,0.47,0.005400000000000001,0.14705882352941174,0.4652073732718895,"(546, 390)"
550,231,5,0.8,0.38,0.38,0.11520000000000002,0.396584440227704,0.6160906298003075,"(550, 231)"
550,405,11,0.56,0.51,0.51,0.0,0.16129032258064516,0.4676843317972349,"(550, 405)"
560,475,7,0.73,0.39,0.39,0.002099999999999999,0.17261904761904762,0.46123271889400924,"(560, 475)"
560,812,5,0.65,0.4,0.4,0.016799999999999995,0.24038461538461536,0.6098502304147468,"(560, 812)"
561,737,17,0.98,0.48,0.48,0.0032000000000000023,0.19091673675357446,0.4182027649769585,"(561, 737)"
561,850,11,0.44,0.48,0.48,0.03600000000000001,0.29756097560975614,0.475921658986175,"(561, 850)"
572,78,11,0.49,0.43999999999999995,0.43999999999999995,0.0018,0.19575757575757574,0.47056451612903216,"(572, 78)"
572,792,13,0.84,0.69,0.69,0.004199999999999999,0.10606060606060606,0.45103686635944695,"(572, 792)"
585,364,5,0.85,0.48,0.48,0.21,0.42022263450834874,0.607603686635945,"(585, 364)"
585,645,13,0.6,0.69,0.69,0.0,0.1020408163265306,0.4461405529953916,"(585, 645)"
595,385,17,0.98,0.48,0.48,0.00012000000000000002,0.075,0.405837173579109,"(595, 385)"
595,425,7,0.81,0.39,0.39,0.00032000000000000013,0.15263157894736842,0.4599846390168971,"(595, 425)"
595,952,5,0.83,0.43,0.43,0.0010799999999999996,0.1731060606060606,0.596082949308756,"(595, 952)"
605,132,5,0.92,0.6699999999999999,0.6699999999999999,0.0,0.0930232558139535,0.6131336405529957,"(605, 132)"
605,520,11,0.62,0.54,0.54,0.0243,0.19302325581395352,0.4688556067588324,"(605, 520)"
616,891,7,0.79,0.49,0.49,0.01038,0.18445121951219512,0.4619815668202766,"(616, 891)"
616,973,11,0.55,0.37,0.37,0.0,0.24133504492939667,0.4631912442396312,"(616, 973)"
630,91,5,0.93,0.4,0.4,0.09000000000000001,0.325,0.6264976958525348,"(630, 91)"
630,205,7,0.52,0.49,0.49,0.044099999999999986,0.2851851851851852,0.46123271889400924,"(630, 205)"
637,532,13,0.55,0.41000000000000003,0.41000000000000003,0.0525,0.20215311004784692,0.4378456221198156,"(637, 532)"
637,624,7,0.82,0.55,0.55,0.0525,0.13636363636363638,0.46307603686635945,"(637, 624)"
650,315,13,0.35,0.44,0.44,0.0,0.08620689655172414,0.4584485407066051,"(650, 315)"
650,624,5,0.77,0.55,0.55,0.024,0.1724137931034483,0.6004032258064519,"(650, 624)"
660,726,5,0.83,0.62,0.62,0.2016,0.3916666666666667,0.6131336405529957,"(660, 726)"
660,790,11,0.57,0.62,0.62,0.0,0.1,0.4676843317972349,"(660, 790)"
663,325,17,1.0,0.46,0.46,0.007199999999999998,0.14440993788819875,0.40883256528417816,"(663, 325)"
663,867,13,0.9,0.5800000000000001,0.5800000000000001,0.036,0.20869565217391306,0.44936635944700454,"(663, 867)"
665,730,7,0.92,0.5800000000000001,0.5800000000000001,0.011520000000000002,0.16717325227963525,0.46123271889400924,"(665, 730)"
665,938,5,0.89,0.45,0.45,0.0056700000000000006,0.23636968085106386,0.6098502304147468,"(665, 938)"
680,357,5,0.76,0.38,0.38,0.024480000000000002,0.3125,0.6082949308755763,"(680, 357)"
680,770,17,0.95,0.45,0.45,0.04999999999999999,0.5875,0.4209677419354838,"(680, 770)"
693,110,7,0.85,0.43,0.43,0.002,0.13357843137254902,0.4644777265745008,"(693, 110)"
693,994,11,0.31,0.54,0.54,0.00144,0.11875,0.4631912442396312,"(693, 994)"
700,427,5,0.64,0.18,0.18,0.0006000000000000003,0.3522727272727273,0.6098502304147468,"(700, 427)"
700,570,7,0.76,0.38,0.38,0.0,0.22727272727272727,0.46123271889400924,"(700, 570)"
714,255,7,0.56,0.5,0.5,0.0,0.13513513513513514,0.4637480798771122,"(714, 255)"
714,623,17,1.0,0.38,0.38,0.0007000000000000001,0.21621621621621623,0.40478110599078343,"(714, 623)"
715,440,13,0.8,0.53,0.53,0.11199999999999999,0.33986928104575165,0.44477726574500764,"(715, 440)"
715,455,11,0.6,0.55,0.55,0.04999999999999999,0.23109243697478987,0.48191244239631326,"(715, 455)"
715,572,5,0.81,0.61,0.61,0.03919999999999999,0.14705882352941174,0.596082949308756,"(715, 572)"
728,507,7,0.45,0.41,0.41,0.08640000000000002,0.21739130434782605,0.46307603686635945,"(728, 507)"
728,749,13,0.78,0.25,0.25,0.0,0.20543478260869563,0.4378456221198156,"(728, 749)"
735,755,7,0.52,0.64,0.64,0.00504,0.12777777777777777,0.46123271889400924,"(735, 755)"
735,819,5,0.82,0.59,0.59,0.015119999999999995,0.14545454545454545,0.6264976958525348,"(735, 819)"
748,34,11,0.46,0.31,0.31,0.0037800000000000012,0.20054945054945056,0.47252304147465424,"(748, 34)"
748,803,17,0.99,0.44,0.44,0.020929999999999997,0.25961538461538464,0.4182027649769585,"(748, 803)"
765,697,5,0.83,0.47,0.47,0.00405,0.22704081632653061,0.6014400921658989,"(765, 697)"
765,895,17,0.99,0.44999999999999996,0.44999999999999996,0.0006399999999999997,0.2020408163265306,0.4159562211981567,"(765, 895)"
770,715,7,0.84,0.51,0.51,0.0096,0.1645408163265306,0.4612903225806452,"(770, 715)"
770,847,5,0.87,0.41000000000000003,0.41000000000000003,0.0,0.22108843537414963,0.596082949308756,"(770, 847)"
770,875,11,0.63,0.39,0.39,0.0,0.1020408163265306,0.4648233486943163,"(770, 875)"
780,255,13,0.35,0.62,0.62,0.0,0.09183673469387754,0.44308755760368657,"(780, 255)"
780,624,5,0.79,0.6699999999999999,0.6699999999999999,0.0,0.1020408163265306,0.6004032258064519,"(780, 624)"
805,266,5,0.75,0.53,0.53,0.10016000000000001,0.29393939393939394,0.6098502304147468,"(805, 266)"
805,830,7,0.94,0.54,0.54,0.0576,0.17681159420289855,0.46123271889400924,"(805, 830)"
819,624,7,0.9,0.6499999999999999,0.6499999999999999,0.0002799999999999998,0.08974358974358974,0.46307603686635945,"(819, 624)"
819,896,13,0.68,0.54,0.54,0.10337999999999997,0.30256410256410254,0.4378456221198156,"(819, 896)"
825,154,5,0.8,0.5,0.5,0.45,0.5957446808510638,0.6160906298003075,"(825, 154)"
825,490,11,0.74,0.52,0.52,0.05599999999999998,0.2492401215805471,0.4786866359447004,"(825, 490)"
833,301,17,0.99,0.4,0.4,0.027999999999999994,0.25909090909090904,0.40478110599078343,"(833, 301)"
833,612,7,0.88,0.62,0.62,0.0029999999999999988,0.04545454545454544,0.4608870967741936,"(833, 612)"
840,680,7,0.92,0.54,0.54,0.039199999999999985,0.20416666666666666,0.4644393241167435,"(840, 680)"
840,966,5,0.63,0.66,0.66,0.08099999999999999,0.3541666666666667,0.6098502304147468,"(840, 966)"
845,299,5,0.77,0.36,0.36,0.00336,0.1953441295546559,0.6004032258064519,"(845, 299)"
845,750,13,0.65,0.38,0.38,0.012559999999999998,0.29395604395604397,0.4461405529953916,"(845, 750)"
847,287,11,0.7,0.49,0.49,0.0,0.1111111111111111,0.4631912442396312,"(847, 287)"
847,363,7,0.71,0.53,0.53,0.094,0.24305555555555558,0.4619815668202766,"(847, 363)"
850,570,17,0.84,0.59,0.59,0.13500000000000004,0.41500000000000004,0.4159562211981567,"(850, 570)"
850,833,5,0.77,0.47,0.47,0.027999999999999994,0.35857142857142854,0.6082949308755763,"(850, 833)"
858,253,13,0.92,0.55,0.55,0.0002400000000000001,0.12013888888888888,0.45103686635944695,"(858, 253)"
858,832,11,0.44,0.56,0.56,0.011760000000000001,0.21932367149758453,0.47056451612903216,"(858, 832)"
875,889,5,0.68,0.55,0.55,0.0,0.265,0.6098502304147468,"(875, 889)"
875,925,7,0.9,0.48000000000000004,0.48000000000000004,0.010080000000000002,0.20833333333333334,0.46123271889400924,"(875, 925)"
880,484,5,0.86,0.55,0.55,0.2268,0.408695652173913,0.6131336405529957,"(880, 484)"
880,510,11,0.49,0.56,0.56,0.015749999999999997,0.15869565217391304,0.4662442396313363,"(880, 510)"
884,611,17,0.98,0.36,0.36,0.0009999999999999994,0.23214285714285715,0.4116935483870967,"(884, 611)"
884,850,13,0.72,0.47,0.47,0.0,0.22,0.44953917050691233,"(884, 850)"
910,105,13,0.53,0.31,0.31,0.005879999999999999,0.3052109181141439,0.44477726574500764,"(910, 105)"
910,715,7,0.85,0.5900000000000001,0.5900000000000001,0.015479999999999997,0.17540322580645162,0.4627496159754224,"(910, 715)"
910,728,5,0.79,0.38,0.38,0.00468,0.15949820788530467,0.596082949308756,"(910, 728)"
924,704,7,0.92,0.59,0.59,0.0032399999999999985,0.12631578947368421,0.4619815668202766,"(924, 704)"
924,714,11,0.49,0.49,0.49,0.013500000000000003,0.2153846153846154,0.46324884792626714,"(924, 714)"
935,220,17,0.97,0.38,0.38,0.030000000000000002,0.24165341812400631,0.4114439324116743,"(935, 220)"
935,561,5,0.87,0.5,0.5,0.16,0.34534534534534533,0.596082949308756,"(935, 561)"
935,595,11,0.85,0.49,0.49,0.03888,0.2216216216216216,0.4806067588325652,"(935, 595)"
945,224,5,0.85,0.41,0.41,0.0006000000000000004,0.1493161094224924,0.6098502304147468,"(945, 224)"
945,585,7,0.87,0.58,0.58,0.0,0.10638297872340427,0.461520737327189,"(945, 585)"
952,84,17,0.97,0.3,0.3,0.027440000000000013,0.26064908722109537,0.40478110599078343,"(952, 84)"
952,918,7,0.9,0.47000000000000003,0.47000000000000003,0.07444,0.2077205882352941,0.4608870967741936,"(952, 918)"
975,310,13,0.38,0.49,0.49,0.0008400000000000005,0.16896551724137931,0.4461405529953916,"(975, 310)"
975,832,5,0.79,0.53,0.53,0.003360000000000001,0.16521739130434784,0.6004032258064519,"(975, 832)"
980,511,5,0.81,0.41000000000000003,0.41000000000000003,0.05039999999999999,0.32705882352941174,0.6098502304147468,"(980, 511)"
980,725,7,0.89,0.44,0.44,0.0,0.14705882352941177,0.46123271889400924,"(980, 725)"
990,473,5,0.83,0.39,0.39,0.0,0.20620748299319727,0.6131336405529957,"(990, 473)"
990,910,11,0.4,0.55,0.55,0.00882,0.15679824561403508,0.4859447004608294,"(990, 910)"
